vorname,nachname,email,geschlecht,ip_address
Méng,Volet,nvolet0@google.nl,Male,126.148.221.189
Göran,Gobeaux,agobeaux1@seattletimes.com,Male,143.245.145.11
Frédérique,Schultheiss,mschultheiss2@aol.com,Female,171.81.73.252
Desirée,Linton,klinton3@wordpress.com,Male,87.219.97.69
Bérénice,Bontine,ebontine4@godaddy.com,Female,216.102.35.83
Alizée,Klaus,dklaus5@princeton.edu,Female,207.30.64.229
Léonie,Hadlington,bhadlington6@sohu.com,Male,123.207.139.99
Agnès,Guppey,bguppey7@archive.org,Male,141.208.220.254
Naéva,Cassedy,ecassedy8@barnesandnoble.com,Female,213.89.127.155
Marie-noël,Skelbeck,askelbeck9@vimeo.com,Male,207.218.154.6
Loïc,Fabry,cfabrya@github.io,Female,231.34.218.193
Simplifiés,Wattins,pwattinsb@dedecms.com,Female,53.15.243.86
Clémentine,Aikman,zaikmanc@cocolog-nifty.com,Male,198.112.90.213
Anaël,Dalman,sdalmand@wix.com,Female,146.43.224.175
Uò,Gandrich,fgandriche@examiner.com,Female,37.183.149.139
Sòng,Muttock,gmuttockf@webmd.com,Male,160.107.110.136
Loïs,Yitzovicz,syitzoviczg@theatlantic.com,Male,254.31.125.54
Mégane,Braam,wbraamh@examiner.com,Male,107.102.177.171
Méng,Mayberry,rmayberryi@bravesites.com,Female,209.54.55.143
Méryl,Pfeffel,spfeffelj@spotify.com,Female,86.219.173.110
Eugénie,Norcross,dnorcrossk@bravesites.com,Male,210.241.229.186
Néhémie,Reddin,ireddinl@umn.edu,Male,58.148.229.178
Kù,Lilley,tlilleym@canalblog.com,Female,234.78.51.213
Océane,Catterick,jcatterickn@lulu.com,Female,232.14.182.165
Clémence,Goodyer,cgoodyero@t.co,Male,229.143.222.192
Cléa,Falls,gfallsp@flickr.com,Female,0.238.249.57
Bécassine,Vivien,tvivienq@wunderground.com,Male,0.188.29.30
Céline,Siley,jsileyr@nifty.com,Female,160.155.71.214
Åsa,Lambotin,olambotins@clickbank.net,Female,159.122.70.215
Åslög,Zecchii,dzecchiit@yellowpages.com,Male,72.138.220.106
Marie-josée,Thorn,jthornu@ning.com,Male,68.147.67.184
Renée,Loxly,kloxlyv@state.tx.us,Male,11.21.12.59
Tán,Rome,eromew@columbia.edu,Female,51.135.133.78
Athéna,Songist,ssongistx@wunderground.com,Male,45.50.166.197
Liè,Vile,lviley@ezinearticles.com,Female,91.86.190.166
Stévina,Farge,mfargez@miibeian.gov.cn,Female,179.11.75.122
Adélaïde,Manvell,gmanvell10@booking.com,Male,69.226.103.175
Görel,Frissell,ufrissell11@timesonline.co.uk,Male,148.101.63.61
Rachèle,Johnson,cjohnson12@etsy.com,Male,254.252.43.104
Naéva,Allflatt,callflatt13@weather.com,Male,54.132.241.63
Eloïse,Lanham,rlanham14@themeforest.net,Male,250.225.45.249
Hélène,Clemence,hclemence15@webs.com,Female,34.32.161.245
Séverine,Tzar,ttzar16@cornell.edu,Male,96.136.78.150
Mélinda,Carolan,ecarolan17@microsoft.com,Male,229.161.17.58
Thérèse,Kilbey,hkilbey18@wikipedia.org,Female,152.51.101.49
Frédérique,Slocket,nslocket19@ucla.edu,Female,23.178.78.159
Mégane,Sarten,ksarten1a@mail.ru,Male,208.47.220.85
Ruì,McKoy,kmckoy1b@ca.gov,Male,159.149.122.192
Méng,Pyvis,ipyvis1c@wikispaces.com,Female,231.220.183.218
Noëlla,Ducastel,tducastel1d@google.nl,Female,248.191.86.240
Ruì,Featherstone,gfeatherstone1e@soundcloud.com,Female,63.162.50.60
Athéna,Braybrooke,tbraybrooke1f@github.com,Male,253.26.143.219
Frédérique,Bishell,kbishell1g@cnn.com,Male,233.80.234.163
Cunégonde,Hanscomb,thanscomb1h@telegraph.co.uk,Male,7.182.76.200
Méryl,Almeida,aalmeida1i@apache.org,Female,113.108.14.170
Thérèse,Burds,kburds1j@photobucket.com,Male,32.2.148.25
Réjane,Cullnean,jcullnean1k@people.com.cn,Female,156.186.196.22
Naëlle,Touhig,dtouhig1l@sfgate.com,Female,203.127.166.202
Wá,Yakovlev,oyakovlev1m@fda.gov,Female,252.171.78.219
Åslög,Jablonski,ajablonski1n@plala.or.jp,Female,142.161.55.189
Maïlis,Wagstaff,dwagstaff1o@de.vu,Male,37.255.124.216
Vénus,Mattimoe,mmattimoe1p@phpbb.com,Male,49.215.167.81
Océanne,Eakly,meakly1q@ezinearticles.com,Female,180.162.167.44
Loïs,Gilberthorpe,tgilberthorpe1r@nytimes.com,Female,199.215.147.237
Maéna,Kettley,wkettley1s@fda.gov,Male,7.72.54.113
Yénora,Davidofski,sdavidofski1t@naver.com,Male,171.154.218.6
Maïly,Ixor,sixor1u@jugem.jp,Female,199.242.242.225
Véronique,Folomin,wfolomin1v@qq.com,Female,49.31.126.9
Amélie,Devereux,tdevereux1w@arizona.edu,Female,19.190.133.126
Clélia,Tonnesen,mtonnesen1x@networkadvertising.org,Female,36.153.254.181
Esbjörn,Claringbold,kclaringbold1y@shutterfly.com,Female,136.101.233.153
Léandre,Potteril,bpotteril1z@dot.gov,Female,86.129.236.81
Mélinda,Higgonet,lhiggonet20@gnu.org,Female,167.182.57.220
Maëlyss,Albinson,halbinson21@e-recht24.de,Female,135.151.158.51
Almérinda,Batchelar,abatchelar22@wordpress.com,Male,208.182.108.1
Laurélie,Parrot,mparrot23@infoseek.co.jp,Male,95.225.214.151
Agnès,Robken,erobken24@edublogs.org,Female,161.138.178.26
Nélie,Trays,gtrays25@cmu.edu,Female,211.73.176.82
Frédérique,D'Agostino,kdagostino26@fastcompany.com,Female,6.156.228.124
Mélia,Kardos,lkardos27@unesco.org,Female,60.87.165.144
Eloïse,Ouldred,oouldred28@meetup.com,Female,53.124.198.100
Céline,Potzold,zpotzold29@imgur.com,Male,168.233.33.42
André,Spottiswoode,dspottiswoode2a@redcross.org,Male,123.172.246.228
Audréanne,Howorth,ahoworth2b@tripod.com,Male,181.67.61.127
Salomé,Wattinham,twattinham2c@unesco.org,Male,105.96.62.35
Josée,Burris,jburris2d@technorati.com,Female,84.62.223.101
Céline,Mainwaring,bmainwaring2e@bloomberg.com,Female,15.255.98.253
Maëly,Aslet,laslet2f@yahoo.co.jp,Female,167.185.238.41
Mélinda,Corah,gcorah2g@cisco.com,Male,2.31.7.78
Naéva,Augie,maugie2h@opensource.org,Male,194.232.106.151
Anaïs,Hayles,khayles2i@pen.io,Female,225.12.173.249
Maéna,Cawtheray,hcawtheray2j@mtv.com,Female,174.194.164.99
Léone,Edgeon,sedgeon2k@huffingtonpost.com,Female,38.248.90.72
Dorothée,Klageman,dklageman2l@cnbc.com,Female,97.126.83.24
Aurélie,Toppas,ntoppas2m@vinaora.com,Male,142.235.214.94
Ruì,Doogue,hdoogue2n@over-blog.com,Male,179.18.146.181
Sélène,Dowsett,adowsett2o@de.vu,Male,132.93.83.18
Méghane,Kolushev,rkolushev2p@cmu.edu,Female,167.168.219.186
Åke,Ashworth,kashworth2q@state.gov,Male,107.202.175.164
Laurélie,Cicutto,mcicutto2r@addtoany.com,Female,212.228.66.195
Maëlle,Gayter,cgayter2s@walmart.com,Female,14.48.243.69
Marie-ève,Itzakovitz,mitzakovitz2t@independent.co.uk,Female,103.44.0.96
Publicité,Isherwood,misherwood2u@ucoz.com,Female,21.41.198.23
Måns,Caudray,lcaudray2v@reddit.com,Male,213.21.227.95
Andréanne,Perring,mperring2w@opensource.org,Male,135.191.242.46
Vénus,Vasyukov,bvasyukov2x@behance.net,Male,15.131.142.155
Maéna,Raftery,hraftery2y@mayoclinic.com,Female,155.10.161.87
Laurène,Dunkley,ldunkley2z@hibu.com,Male,6.20.32.82
Andréanne,Louw,flouw30@stumbleupon.com,Male,27.197.73.132
Lén,Punshon,epunshon31@tripod.com,Female,48.250.43.77
Rébecca,Mosten,jmosten32@netvibes.com,Female,198.165.6.76
Léonie,Fetherby,kfetherby33@angelfire.com,Female,182.233.203.168
Zoé,Stockport,cstockport34@admin.ch,Male,181.168.161.208
Rébecca,Axston,maxston35@buzzfeed.com,Male,96.247.74.113
Judicaël,Gannicleff,cgannicleff36@smugmug.com,Male,59.130.26.187
Maëlle,Maddocks,cmaddocks37@scientificamerican.com,Female,245.227.1.236
Laurélie,Bruster,gbruster38@msu.edu,Female,223.134.169.7
Océane,Cridge,acridge39@issuu.com,Female,132.96.29.77
Zoé,Hincks,phincks3a@redcross.org,Male,39.144.94.89
Håkan,Freddi,qfreddi3b@aboutads.info,Male,72.147.223.15
Cléopatre,Giberd,hgiberd3c@sogou.com,Male,188.212.80.54
Almérinda,Ridd,mridd3d@huffingtonpost.com,Male,173.62.23.126
Rébecca,Croci,dcroci3e@zdnet.com,Female,228.33.48.96
Aimée,Quinnelly,cquinnelly3f@ucsd.edu,Female,182.187.122.236
Thérèse,Fere,bfere3g@arstechnica.com,Female,169.131.179.103
Adélaïde,Rawlison,erawlison3h@hexun.com,Female,141.180.78.64
Zoé,Dungate,ddungate3i@google.com,Female,240.74.254.23
Lóng,Scaife,lscaife3j@liveinternet.ru,Female,55.197.26.252
Célia,Doick,adoick3k@pinterest.com,Female,58.55.75.160
Liè,Balcon,lbalcon3l@netlog.com,Female,92.97.34.154
Mahélie,Alleway,ralleway3m@google.pl,Male,37.198.18.209
Dù,Wasmer,jwasmer3n@uiuc.edu,Male,98.82.87.194
Régine,Farres,cfarres3o@jimdo.com,Male,223.104.92.73
Kévina,Riccardini,ericcardini3p@omniture.com,Female,43.224.169.39
Bénédicte,Barneveld,abarneveld3q@netvibes.com,Male,103.40.117.39
Mélina,Samart,nsamart3r@yale.edu,Female,17.118.150.103
Adélaïde,Fyfe,afyfe3s@github.com,Female,85.96.161.196
Miléna,Fedorchenko,cfedorchenko3t@walmart.com,Female,253.137.165.137
Célia,Phear,rphear3u@scientificamerican.com,Male,193.90.200.148
Méline,Cosins,pcosins3v@craigslist.org,Female,59.243.138.142
Mégane,Jeafferson,tjeafferson3w@goo.gl,Female,112.181.241.194
Lóng,Batchley,mbatchley3x@t-online.de,Female,130.222.138.58
Kù,Charlin,hcharlin3y@cloudflare.com,Female,212.45.133.56
Maïwenn,Dorow,bdorow3z@home.pl,Male,254.55.74.64
Léana,Chifney,ichifney40@whitehouse.gov,Female,211.41.43.237
Gwenaëlle,Finlator,efinlator41@slideshare.net,Male,228.249.5.29
Bénédicte,Winterscale,owinterscale42@privacy.gov.au,Male,228.67.171.229
Andréa,Colebourne,ccolebourne43@nih.gov,Female,46.89.153.19
Björn,Matz,mmatz44@cbsnews.com,Female,194.228.239.39
Rébecca,Sabbin,lsabbin45@guardian.co.uk,Male,175.247.218.151
Salomé,Olliar,iolliar46@youtu.be,Male,115.236.13.143
Maëlla,Waugh,awaugh47@angelfire.com,Female,60.205.253.37
Adélie,Clemendot,mclemendot48@vkontakte.ru,Female,53.7.231.128
Eliès,Tommei,btommei49@furl.net,Male,216.45.96.163
Rébecca,Lawie,jlawie4a@nbcnews.com,Male,177.75.112.210
Réservés,Cafferty,acafferty4b@miitbeian.gov.cn,Female,215.57.199.183
Måns,Lund,vlund4c@irs.gov,Male,152.35.239.67
Léana,Barrasse,hbarrasse4d@1688.com,Male,76.198.85.187
Rachèle,Harmeston,aharmeston4e@mac.com,Female,240.233.160.37
Mélanie,Dubble,ydubble4f@tuttocitta.it,Male,17.43.7.85
Annotés,Cooper,ncooper4g@google.ca,Female,129.132.219.81
Gösta,Elt,lelt4h@ning.com,Male,49.144.228.144
Zoé,Millett,dmillett4i@nyu.edu,Male,43.76.244.59
Océane,Laxen,dlaxen4j@simplemachines.org,Male,213.80.70.92
Andréanne,Houtby,lhoutby4k@va.gov,Female,191.113.34.206
Maïlys,Eccleston,aeccleston4l@tumblr.com,Male,253.189.208.95
Bénédicte,Dedmam,kdedmam4m@clickbank.net,Male,91.199.99.56
Joséphine,Driscoll,ndriscoll4n@liveinternet.ru,Male,123.50.230.201
Dorothée,Kirby,ekirby4o@hubpages.com,Male,196.139.72.161
Lén,Penrice,tpenrice4p@w3.org,Female,62.0.37.51
Gaïa,Baldelli,kbaldelli4q@devhub.com,Male,16.223.99.31
Mélia,Hatherleigh,fhatherleigh4r@census.gov,Male,253.230.68.1
Yè,Bleasdille,sbleasdille4s@list-manage.com,Male,21.137.54.79
Chloé,Cottrill,acottrill4t@sohu.com,Female,140.145.243.23
Mén,MacKettrick,amackettrick4u@va.gov,Female,188.214.199.226
Marie-ève,Phillis,kphillis4v@infoseek.co.jp,Male,243.219.1.177
Dafnée,Baildon,sbaildon4w@sina.com.cn,Female,211.11.58.191
Angélique,Hayles,jhayles4x@a8.net,Female,65.17.113.187
Magdalène,Busk,pbusk4y@bing.com,Male,251.72.12.238
Célia,Souch,rsouch4z@yale.edu,Male,140.127.67.225
Vérane,Tireman,atireman50@redcross.org,Male,10.8.27.9
Estée,Byatt,gbyatt51@pen.io,Female,198.150.101.103
Bécassine,Jurisic,mjurisic52@w3.org,Female,32.50.188.164
Mégane,Mahaffey,smahaffey53@imdb.com,Female,38.220.124.33
Eléonore,Garling,igarling54@eventbrite.com,Female,221.170.176.146
Réjane,Lukacs,glukacs55@lycos.com,Male,170.170.186.45
Marie-thérèse,Hogbourne,zhogbourne56@trellian.com,Female,100.144.160.20
Simplifiés,Gabotti,kgabotti57@alexa.com,Male,23.7.230.232
Sélène,Glasgow,tglasgow58@icq.com,Male,41.185.123.228
Judicaël,Birkmyr,dbirkmyr59@amazon.co.jp,Male,181.166.94.168
Stéphanie,Georg,lgeorg5a@dagondesign.com,Male,112.250.237.230
Adèle,Jakoubec,cjakoubec5b@ovh.net,Male,119.19.57.221
Marie-josée,Liverock,sliverock5c@t.co,Female,251.241.34.141
Maëly,Pollock,gpollock5d@so-net.ne.jp,Male,131.115.233.231
Chloé,Blowin,bblowin5e@merriam-webster.com,Male,239.243.159.141
Méng,Stock,cstock5f@woothemes.com,Female,95.131.218.224
Bérengère,Hinkes,bhinkes5g@cisco.com,Female,109.5.244.237
André,Crippill,tcrippill5h@timesonline.co.uk,Male,203.240.41.253
Marie-noël,Luchelli,aluchelli5i@freewebs.com,Female,11.19.76.106
Björn,Norquay,mnorquay5j@example.com,Male,2.109.218.45
Régine,Haycraft,ghaycraft5k@smh.com.au,Male,175.117.230.249
Loïca,Cowing,lcowing5l@deviantart.com,Female,60.157.200.61
Åsa,Worsham,sworsham5m@slideshare.net,Female,216.175.40.13
Lorène,Yeeles,ryeeles5n@phpbb.com,Female,224.137.173.229
Salomé,Mattis,jmattis5o@histats.com,Male,191.99.46.38
Kévina,Foulser,ffoulser5p@newsvine.com,Female,91.45.202.151
Stévina,Braunston,cbraunston5q@unicef.org,Female,250.51.76.49
Görel,Jedrzej,ljedrzej5r@123-reg.co.uk,Female,241.1.179.178
Michèle,Mallall,bmallall5s@cafepress.com,Female,158.44.44.248
Dorothée,Bourthouloume,pbourthouloume5t@mit.edu,Male,176.19.28.235
Solène,Chevalier,hchevalier5u@youtu.be,Male,90.73.183.201
Aloïs,Wildman,rwildman5v@edublogs.org,Male,152.131.244.130
Ophélie,Naile,fnaile5w@princeton.edu,Female,29.207.8.41
Maïlys,Bushell,tbushell5x@opensource.org,Male,165.167.45.129
Noémie,Barette,tbarette5y@de.vu,Female,150.230.0.187
Yáo,Raye,draye5z@europa.eu,Female,63.235.188.169
Edmée,Montgomery,amontgomery60@aol.com,Female,78.172.177.126
Mà,Lenton,clenton61@ameblo.jp,Male,17.159.196.205
Anaïs,Gatch,egatch62@desdev.cn,Female,239.234.159.61
Måns,Yelyashev,dyelyashev63@miibeian.gov.cn,Female,37.17.91.183
Almérinda,Duerden,oduerden64@uiuc.edu,Male,84.11.37.157
Annotés,Florentine,dflorentine65@mail.ru,Male,211.218.176.139
Andréanne,Rexworthy,drexworthy66@example.com,Male,81.130.208.112
Östen,King,fking67@lulu.com,Female,112.32.249.123
Yénora,Capitano,bcapitano68@cnbc.com,Female,205.129.90.137
Mélinda,Fairchild,tfairchild69@shareasale.com,Female,117.117.33.215
Audréanne,Acors,dacors6a@typepad.com,Male,88.92.167.60
Anaëlle,Heake,wheake6b@nsw.gov.au,Female,30.10.49.132
Göran,Minear,wminear6c@umn.edu,Female,168.61.77.159
Méng,Cunniff,lcunniff6d@boston.com,Male,35.182.152.86
Börje,Ritmeier,aritmeier6e@spiegel.de,Male,2.239.224.200
Amélie,Drewell,hdrewell6f@pbs.org,Male,178.207.226.224
Agnès,Alliot,aalliot6g@umich.edu,Female,10.92.233.189
Hélène,MacDermid,cmacdermid6h@hibu.com,Male,165.34.207.253
Anaëlle,Hassur,phassur6i@state.tx.us,Male,121.180.117.152
Pélagie,Degoey,bdegoey6j@theglobeandmail.com,Male,94.151.235.38
Laurène,Krol,lkrol6k@dailymotion.com,Male,207.19.239.159
Cloé,Dunbobbin,cdunbobbin6l@wiley.com,Female,154.48.71.163
Maïly,O'Dulchonta,rodulchonta6m@mail.ru,Female,84.48.115.53
Néhémie,Giannasi,agiannasi6n@spotify.com,Male,92.107.52.74
Méryl,McIlory,omcilory6o@sciencedirect.com,Male,221.35.62.241
Méthode,Haddon,dhaddon6p@bbb.org,Male,214.17.186.145
Anaé,Praten,spraten6q@woothemes.com,Male,203.199.63.229
Naéva,Copins,dcopins6r@topsy.com,Female,131.57.129.149
Marlène,Sandwich,gsandwich6s@auda.org.au,Female,144.21.176.123
Méryl,Peschke,npeschke6t@wordpress.com,Female,169.190.81.226
Mélissandre,Preddy,apreddy6u@arizona.edu,Male,231.80.166.88
Miléna,Lundbech,jlundbech6v@yandex.ru,Male,39.72.214.91
Mén,Cavey,ccavey6w@prnewswire.com,Female,221.112.57.194
Stéphanie,Egginton,cegginton6x@sohu.com,Male,228.90.225.186
Gérald,Slucock,rslucock6y@dailymotion.com,Male,129.128.80.228
Béatrice,Meneo,lmeneo6z@psu.edu,Female,33.35.17.159
Marie-ève,Astman,castman70@seesaa.net,Female,95.51.113.198
Eugénie,Sulland,hsulland71@apple.com,Female,214.166.117.44
Josée,Woofinden,iwoofinden72@imdb.com,Male,96.228.38.255
Lóng,Elnor,gelnor73@un.org,Female,222.248.196.108
Adèle,Fletcher,dfletcher74@wix.com,Female,118.81.213.208
Eloïse,Pendred,hpendred75@blogs.com,Female,25.125.36.118
Aloïs,Bech,cbech76@baidu.com,Female,97.210.25.139
Josée,Ingraham,eingraham77@wp.com,Male,230.216.198.230
Cécilia,Ipgrave,mipgrave78@zdnet.com,Male,207.170.61.211
Cléa,Marconi,cmarconi79@oaic.gov.au,Male,0.46.22.46
Yáo,McGirl,lmcgirl7a@dyndns.org,Male,67.15.70.128
Mélia,O'Gleasane,pogleasane7b@cnbc.com,Female,119.60.109.242
Josée,Dewire,ddewire7c@mtv.com,Male,22.105.138.215
Loïca,Ewing,aewing7d@google.ca,Female,53.8.85.102
Aurélie,Lemmon,vlemmon7e@forbes.com,Male,54.122.201.230
Irène,Roloff,troloff7f@ow.ly,Male,236.89.253.28
Illustrée,Panas,hpanas7g@sciencedirect.com,Male,44.237.110.124
Anaël,Caudle,scaudle7h@360.cn,Male,73.93.93.109
Geneviève,Atlee,matlee7i@foxnews.com,Female,218.22.15.254
Méthode,Fiddy,rfiddy7j@mayoclinic.com,Female,222.239.115.26
Annotés,Farrin,cfarrin7k@blogspot.com,Female,131.120.174.138
Léane,McDarmid,gmcdarmid7l@joomla.org,Female,194.30.238.46
Cléopatre,Dobkin,ndobkin7m@hostgator.com,Male,37.181.112.92
Dorothée,Crowcroft,rcrowcroft7n@taobao.com,Female,74.156.141.27
Illustrée,Phippin,aphippin7o@redcross.org,Male,83.155.112.233
Françoise,McVie,gmcvie7p@guardian.co.uk,Male,233.47.33.99
Maïlis,Gonnin,tgonnin7q@amazon.co.jp,Female,2.130.127.197
Wá,Cassel,mcassel7r@blog.com,Male,72.214.211.176
Eugénie,Moreno,wmoreno7s@indiegogo.com,Male,197.139.81.124
Méryl,Plaide,mplaide7t@tumblr.com,Female,18.248.60.183
Eléonore,Bracer,abracer7u@toplist.cz,Male,81.197.76.97
Intéressant,Seeman,pseeman7v@house.gov,Male,172.226.228.84
Thérèsa,Richly,arichly7w@constantcontact.com,Female,152.48.181.205
Laïla,Hinksen,thinksen7x@behance.net,Male,193.158.42.125
Gaëlle,Jaye,ljaye7y@cnbc.com,Female,128.134.245.140
Pélagie,Oda,goda7z@hibu.com,Male,117.204.219.113
Maéna,Hrachovec,nhrachovec80@jimdo.com,Male,210.199.39.159
Garçon,Truckett,ntruckett81@tmall.com,Female,214.107.201.124
Maïlis,McGraw,gmcgraw82@geocities.com,Female,96.14.181.90
Mélia,Manis,mmanis83@ehow.com,Female,137.130.82.12
Léane,Atcheson,tatcheson84@mit.edu,Female,11.235.31.68
Angélique,Stubley,astubley85@ebay.co.uk,Male,185.125.153.227
Séréna,Raraty,mraraty86@wired.com,Male,114.90.237.228
Tú,Eleshenar,aeleshenar87@xinhuanet.com,Female,189.210.102.220
Aimée,Stansbury,ustansbury88@bloomberg.com,Female,63.49.4.44
Vénus,Abilowitz,habilowitz89@sina.com.cn,Female,174.59.22.87
Gwenaëlle,Dunkinson,tdunkinson8a@bbb.org,Male,24.104.61.57
Céline,Clack,lclack8b@icio.us,Male,251.223.195.136
Bécassine,Leel,tleel8c@topsy.com,Male,165.178.130.73
Illustrée,Raine,araine8d@sun.com,Male,187.231.180.133
Pénélope,Basley,tbasley8e@cbc.ca,Male,33.192.33.182
Néhémie,Hook,shook8f@woothemes.com,Male,93.65.168.164
Thérèse,Hobson,ahobson8g@csmonitor.com,Female,108.21.79.183
Marie-hélène,Leopold,aleopold8h@vk.com,Female,107.166.236.211
Hélène,Henrych,lhenrych8i@wikimedia.org,Male,191.49.140.201
Dà,Lingley,klingley8j@yolasite.com,Female,26.243.187.253
Adélaïde,Galvin,tgalvin8k@mtv.com,Female,8.180.236.21
Méng,Denniston,jdenniston8l@imgur.com,Female,131.134.195.7
Marlène,McMurray,hmcmurray8m@ucsd.edu,Female,72.28.161.253
Stévina,Malenfant,nmalenfant8n@apache.org,Female,59.71.129.239
Eléonore,Doddridge,adoddridge8o@princeton.edu,Female,186.75.100.202
Uò,Martusewicz,smartusewicz8p@ifeng.com,Male,201.64.58.17
Pål,Adame,badame8q@washington.edu,Male,232.134.17.155
Anaïs,Vittori,svittori8r@google.com.hk,Male,154.104.58.244
Lorène,Cosgrave,ecosgrave8s@joomla.org,Female,248.153.218.0
Audréanne,Berth,fberth8t@wsj.com,Male,234.39.22.39
Mélys,Fellnee,cfellnee8u@ucoz.com,Male,170.128.54.26
Gaétane,Gyngell,kgyngell8v@bbb.org,Female,224.1.167.209
Torbjörn,Rickard,vrickard8w@de.vu,Female,140.30.44.97
Agnès,Rickerby,mrickerby8x@toplist.cz,Female,235.28.233.181
Mà,Hammerberger,ahammerberger8y@discuz.net,Female,22.27.179.183
Mylène,Stroton,gstroton8z@flavors.me,Female,141.49.97.231
Mylène,Sheppard,isheppard90@godaddy.com,Male,180.120.29.179
Frédérique,Lobb,vlobb91@phpbb.com,Male,125.229.158.68
Lauréna,Toffler,ltoffler92@cnn.com,Female,83.183.102.88
Hélèna,Di Bernardo,tdibernardo93@oracle.com,Male,146.82.253.157
Daphnée,Brim,gbrim94@shutterfly.com,Male,4.127.150.195
Mélina,Tollerton,btollerton95@springer.com,Male,5.9.164.137
Michèle,Stickens,rstickens96@oaic.gov.au,Female,48.152.112.180
Solène,Ryott,rryott97@eventbrite.com,Female,193.7.179.186
Faîtes,Beard,mbeard98@feedburner.com,Female,181.170.112.213
Cléa,Fullman,yfullman99@washington.edu,Female,166.235.214.37
Hélène,Manntschke,tmanntschke9a@bigcartel.com,Male,111.61.139.96
Gisèle,Kleinholz,ykleinholz9b@meetup.com,Female,137.138.204.30
Eliès,Aspinal,raspinal9c@t-online.de,Female,110.228.52.109
Maïlis,Blinckhorne,mblinckhorne9d@google.com.hk,Female,244.177.245.206
Lén,Di Iorio,gdiiorio9e@ftc.gov,Female,152.9.226.111
Salomé,Mardee,amardee9f@google.ru,Male,127.230.196.149
Yóu,Tibols,gtibols9g@sciencedaily.com,Female,187.113.151.56
Bénédicte,Marlon,vmarlon9h@imdb.com,Male,189.87.220.20
Valérie,Croson,ccroson9i@canalblog.com,Male,236.24.69.238
Réjane,Siderfin,gsiderfin9j@oaic.gov.au,Male,205.134.222.43
Gaïa,Blyden,hblyden9k@globo.com,Male,206.198.42.173
Gaétane,McIlveen,imcilveen9l@homestead.com,Female,176.165.54.113
Gaïa,Kenwell,akenwell9m@yolasite.com,Male,227.107.37.2
Rachèle,Behr,pbehr9n@state.gov,Female,147.248.95.90
Françoise,Blucher,rblucher9o@blogspot.com,Male,113.202.37.23
Vénus,Ateggart,eateggart9p@blogs.com,Female,30.232.153.185
Estée,Ellis,sellis9q@redcross.org,Female,120.146.150.218
Börje,Extance,aextance9r@godaddy.com,Female,24.14.201.106
Kallisté,Dumblton,adumblton9s@ftc.gov,Male,117.156.99.8
Nélie,Breissan,sbreissan9t@mit.edu,Female,37.7.247.190
Laurélie,Pentercost,kpentercost9u@fotki.com,Female,110.101.211.176
Magdalène,House,bhouse9v@pcworld.com,Female,86.225.58.133
Alizée,Oldroyde,aoldroyde9w@java.com,Male,30.215.220.5
Bérénice,Rapkins,frapkins9x@pcworld.com,Male,172.235.160.167
Vérane,Applewhaite,japplewhaite9y@google.cn,Male,208.79.173.187
André,Herrero,bherrero9z@cdbaby.com,Female,220.143.142.87
Maïlis,Mauchline,dmauchlinea0@macromedia.com,Female,93.99.137.121
Lyséa,Dignam,mdignama1@simplemachines.org,Male,160.190.24.24
Maëlyss,Hanks,phanksa2@ycombinator.com,Female,93.20.241.236
Pål,Guisler,dguislera3@discovery.com,Female,109.186.3.212
Maëlys,Huikerby,ghuikerbya4@chronoengine.com,Female,99.255.242.82
Erwéi,Aggiss,caggissa5@theguardian.com,Female,31.203.145.164
Mélys,Proppers,jproppersa6@earthlink.net,Male,129.147.10.189
Björn,Wilderspoon,mwilderspoona7@fema.gov,Female,42.116.119.196
Méthode,Dawtrey,adawtreya8@tinyurl.com,Female,60.109.124.107
Gérald,Cowland,ecowlanda9@phpbb.com,Male,239.101.178.175
Marie-thérèse,Andrys,wandrysaa@moonfruit.com,Female,180.108.175.138
Maïwenn,Alabaster,malabasterab@census.gov,Female,100.99.130.5
Torbjörn,Hand,chandac@ca.gov,Female,51.240.48.3
Léa,Munnery,vmunneryad@businessinsider.com,Female,47.183.252.190
Börje,Mawdsley,rmawdsleyae@mit.edu,Male,143.78.141.123
Yú,Pllu,aplluaf@cargocollective.com,Male,155.241.20.213
Adélaïde,Rief,kriefag@studiopress.com,Male,36.62.168.140
Athéna,Primak,jprimakah@oaic.gov.au,Male,25.147.212.23
Pò,Keep,gkeepai@jugem.jp,Male,249.137.128.123
Ophélie,McQuilty,dmcquiltyaj@discovery.com,Male,170.208.131.143
Léa,Corcoran,lcorcoranak@w3.org,Male,132.250.143.43
Maïté,Corbridge,ccorbridgeal@sciencedirect.com,Male,91.231.58.60
Liè,Meffan,pmeffanam@wordpress.com,Male,27.119.163.137
Personnalisée,Delgardillo,cdelgardilloan@barnesandnoble.com,Male,251.188.196.148
Solène,Eakle,heakleao@nih.gov,Female,17.200.162.58
Naéva,Gonsalvez,mgonsalvezap@intel.com,Male,113.239.171.67
Ruò,Cross,mcrossaq@stumbleupon.com,Female,152.219.233.95
Loïca,Gough,igoughar@hugedomains.com,Female,102.72.104.31
Renée,Swayton,kswaytonas@sakura.ne.jp,Male,201.226.93.62
Bécassine,Escreet,rescreetat@youtube.com,Male,253.4.198.127
Adèle,Fatscher,dfatscherau@msn.com,Female,115.229.53.154
Josée,Durrance,adurranceav@slideshare.net,Male,9.250.19.69
Adèle,Mitchely,cmitchelyaw@rakuten.co.jp,Female,116.78.31.156
Gaétane,Rummery,erummeryax@xrea.com,Male,132.126.158.200
Åke,Watsam,hwatsamay@google.com.au,Male,224.15.12.235
Gaëlle,Konzel,mkonzelaz@toplist.cz,Female,103.60.163.168
Maëlys,Beautyman,ebeautymanb0@hud.gov,Female,67.12.219.79
Dà,Axon,kaxonb1@xinhuanet.com,Female,108.48.187.48
Yénora,Mullany,tmullanyb2@ycombinator.com,Female,220.88.0.166
Zhì,Foli,efolib3@booking.com,Female,105.147.176.180
Méryl,Brownsey,mbrownseyb4@gravatar.com,Female,3.188.156.232
Laurène,Lanceley,jlanceleyb5@europa.eu,Male,165.102.210.181
Åslög,Backwell,mbackwellb6@statcounter.com,Female,81.3.170.248
Åsa,MacDavitt,gmacdavittb7@list-manage.com,Male,188.215.207.124
Maïlys,Faircliff,pfaircliffb8@yandex.ru,Male,207.170.138.185
Adélaïde,Fraulo,hfraulob9@angelfire.com,Male,168.204.190.137
Rachèle,Bulbrook,sbulbrookba@aol.com,Female,59.209.216.57
Åsa,Silverthorne,wsilverthornebb@springer.com,Male,217.19.2.93
Eléa,Kinghorn,gkinghornbc@squidoo.com,Male,166.21.142.97
Thérèsa,Delieu,kdelieubd@mashable.com,Female,14.61.0.68
Bérangère,Segrott,lsegrottbe@umich.edu,Male,201.145.83.124
Noëlla,Patten,cpattenbf@desdev.cn,Male,30.202.149.218
Kévina,Batecok,fbatecokbg@bing.com,Male,178.157.138.168
Méthode,Hubbock,khubbockbh@imageshack.us,Male,171.26.161.29
Märta,Dominik,jdominikbi@apple.com,Female,170.224.25.215
Athéna,Grimmolby,ogrimmolbybj@ft.com,Male,252.28.22.2
Örjan,Aven,mavenbk@ezinearticles.com,Male,41.4.153.21
Yú,Klempke,dklempkebl@ehow.com,Male,232.10.190.96
Marie-ève,Linford,rlinfordbm@facebook.com,Male,98.239.52.46
Ophélie,Wisam,jwisambn@biblegateway.com,Female,88.32.69.236
Bérengère,Froude,sfroudebo@google.com,Female,30.128.212.34
Cléa,Larvent,xlarventbp@latimes.com,Male,97.86.123.59
Amélie,Grigg,agriggbq@t.co,Male,159.56.116.40
Françoise,Wiggington,cwiggingtonbr@google.fr,Male,114.176.245.196
Bérénice,Jenkins,njenkinsbs@devhub.com,Female,200.131.166.144
Crééz,Shinefield,tshinefieldbt@creativecommons.org,Male,13.232.246.26
Léonore,Yerill,nyerillbu@xinhuanet.com,Male,205.1.44.206
Maïly,O'Tierney,motierneybv@skype.com,Female,122.109.222.76
Styrbjörn,Forst,eforstbw@netvibes.com,Male,11.154.161.250
Miléna,De Anesy,sdeanesybx@tamu.edu,Male,209.66.154.51
Esbjörn,Tant,stantby@nifty.com,Male,178.114.228.213
Dà,Motion,lmotionbz@abc.net.au,Female,22.62.118.90
Cécile,Stanlike,estanlikec0@about.me,Female,9.176.101.152
Mà,Lemary,elemaryc1@etsy.com,Male,112.156.138.124
Françoise,Cullotey,dculloteyc2@independent.co.uk,Male,229.253.194.13
Léandre,Gladyer,ggladyerc3@howstuffworks.com,Male,246.195.38.19
Görel,Seiter,lseiterc4@arizona.edu,Male,95.84.26.3
Personnalisée,Coupman,bcoupmanc5@comcast.net,Male,43.65.161.191
Mélodie,Jaksic,cjaksicc6@hatena.ne.jp,Male,46.147.220.251
Faîtes,Kilban,mkilbanc7@taobao.com,Female,243.242.27.173
Nélie,Schirak,aschirakc8@aboutads.info,Male,18.16.53.216
Joséphine,Jentgens,cjentgensc9@bbc.co.uk,Female,23.220.55.64
Kù,Dunabie,pdunabieca@feedburner.com,Female,15.213.183.129
Vérane,Clair,yclaircb@sohu.com,Male,53.46.226.237
Valérie,Brekonridge,gbrekonridgecc@japanpost.jp,Male,44.106.20.193
Maïté,Yoslowitz,ayoslowitzcd@wsj.com,Female,105.237.144.64
Personnalisée,Rathbone,drathbonece@rediff.com,Female,133.232.185.157
Andréa,Sertin,lsertincf@paypal.com,Female,104.4.19.53
Ráo,Okeshott,tokeshottcg@gizmodo.com,Female,146.29.251.81
Gaëlle,Aron,jaronch@tinypic.com,Male,35.161.3.225
Edmée,Pheazey,epheazeyci@un.org,Male,174.165.221.84
Simplifiés,Hardi,ghardicj@lycos.com,Female,24.207.100.254
Mélys,Thurman,mthurmanck@businessweek.com,Female,81.165.8.212
Mélissandre,Pattingson,dpattingsoncl@answers.com,Female,70.224.38.236
Aurélie,Leishman,cleishmancm@smugmug.com,Male,44.239.4.182
Kuí,Emery,cemerycn@ibm.com,Male,58.188.235.78
Desirée,Twitching,ytwitchingco@ehow.com,Female,132.112.49.106
Maïlis,Bruford,cbrufordcp@shutterfly.com,Female,75.122.29.216
Véronique,McCabe,lmccabecq@fc2.com,Female,217.46.125.102
Lorène,Wadham,rwadhamcr@discovery.com,Female,214.172.85.245
Cunégonde,Van der Merwe,mvandermerwecs@buzzfeed.com,Female,188.91.133.212
Bérengère,Cello,zcelloct@thetimes.co.uk,Male,35.234.153.108
Angèle,Davidovsky,adavidovskycu@com.com,Female,3.102.158.78
Noëlla,Skakunas,rskakunascv@wsj.com,Female,189.253.202.162
Adèle,Reagan,rreagancw@irs.gov,Male,198.206.230.119
Wá,Pierpoint,dpierpointcx@cocolog-nifty.com,Male,248.227.241.184
Lorène,Skurray,bskurraycy@businesswire.com,Female,123.72.170.248
Séverine,Klisch,lklischcz@a8.net,Male,114.133.168.133
Lyséa,Worland,mworlandd0@virginia.edu,Female,235.192.50.14
Médiamass,Jotcham,rjotchamd1@mit.edu,Male,92.91.20.184
Léandre,Crowter,fcrowterd2@adobe.com,Female,157.10.208.91
Almérinda,Upjohn,supjohnd3@friendfeed.com,Female,135.100.17.244
Naëlle,Whysall,vwhysalld4@digg.com,Female,178.29.186.13
Océanne,Cullinan,ccullinand5@multiply.com,Female,27.22.217.125
Hélène,Duchasteau,kduchasteaud6@flavors.me,Female,250.172.20.171
Irène,Juhruke,ljuhruked7@vinaora.com,Female,71.76.102.254
Anaé,Winteringham,dwinteringhamd8@eventbrite.com,Female,235.208.119.110
Athéna,Gwyllt,agwylltd9@loc.gov,Male,101.207.200.193
Angèle,Martello,jmartelloda@nytimes.com,Female,83.250.192.234
Maïly,Bakhrushin,bbakhrushindb@wunderground.com,Female,209.174.235.96
Aloïs,Baylie,tbayliedc@yahoo.co.jp,Male,114.250.183.213
Mélanie,Trussman,mtrussmandd@accuweather.com,Male,181.180.182.87
Séréna,Farish,afarishde@bloglovin.com,Female,103.243.150.138
Amélie,Johannes,pjohannesdf@adobe.com,Male,174.113.185.136
Stévina,Samweyes,bsamweyesdg@rambler.ru,Male,198.182.54.180
Andréa,Owen,gowendh@skyrock.com,Female,40.171.122.40
Sélène,Swarbrigg,lswarbriggdi@newsvine.com,Female,240.247.187.159
Andréa,Jarrard,pjarrarddj@bbc.co.uk,Male,9.130.117.175
Kallisté,Adderson,daddersondk@latimes.com,Male,166.231.24.67
Andrée,Riach,driachdl@taobao.com,Male,138.88.179.107
Clémentine,Aingell,aaingelldm@lulu.com,Female,185.107.62.217
Clémence,Freiburger,ofreiburgerdn@exblog.jp,Female,176.147.223.139
Geneviève,Getcliffe,jgetcliffedo@oracle.com,Male,200.86.189.240
Naéva,Crotty,rcrottydp@google.es,Male,21.158.63.191
Nélie,Berridge,cberridgedq@blogger.com,Female,23.167.100.73
Mélia,Keneleyside,dkeneleysidedr@sohu.com,Male,175.102.219.147
Ophélie,Vasnev,dvasnevds@vistaprint.com,Male,228.1.10.163
Audréanne,McGeagh,bmcgeaghdt@cam.ac.uk,Male,125.162.46.45
Zoé,Haines,hhainesdu@fastcompany.com,Male,50.154.13.152
Amélie,Matuska,bmatuskadv@blogspot.com,Female,51.73.5.52
Eloïse,Celier,wcelierdw@nifty.com,Female,116.254.159.35
Publicité,Michael,gmichaeldx@craigslist.org,Female,67.161.35.231
Almérinda,Hulke,ahulkedy@sun.com,Male,114.120.158.159
Méline,Tilby,jtilbydz@intel.com,Male,0.129.210.89
Åke,Halms,lhalmse0@nydailynews.com,Male,130.173.164.203
Lài,Neave,cneavee1@imageshack.us,Female,99.32.2.171
Océanne,Muggeridge,emuggeridgee2@marketwatch.com,Male,2.145.159.46
Méghane,Bythell,sbythelle3@studiopress.com,Female,183.105.234.120
Anaé,Hyndes,uhyndese4@taobao.com,Male,223.26.225.130
Dafnée,Spight,jspighte5@intel.com,Male,149.144.200.249
Intéressant,MacGray,jmacgraye6@blogtalkradio.com,Male,121.145.214.154
Maïly,Saket,csakete7@msn.com,Female,150.91.55.123
Yú,Siddens,lsiddense8@techcrunch.com,Female,144.14.236.60
Valérie,Millen,bmillene9@cyberchimps.com,Female,90.70.165.55
Annotés,Stanbrooke,ostanbrookeea@squidoo.com,Male,116.54.37.37
Kallisté,Ruegg,irueggeb@ustream.tv,Male,210.229.119.119
Yénora,Nana,lnanaec@icq.com,Male,229.227.147.66
Léa,Whorlow,jwhorlowed@studiopress.com,Female,194.38.105.170
Bénédicte,Mancktelow,amancktelowee@tumblr.com,Female,125.62.49.169
Léonie,Kareman,tkaremanef@google.it,Male,8.127.204.178
Chloé,Banstead,cbansteadeg@topsy.com,Female,235.47.130.182
Méghane,Winley,owinleyeh@prweb.com,Female,137.112.152.71
Médiamass,Grigs,lgrigsei@360.cn,Male,156.94.88.214
Åke,Dunderdale,ndunderdaleej@usnews.com,Male,146.142.28.34
Véronique,Vernon,vvernonek@marriott.com,Female,226.143.79.226
Yè,Kinane,ekinaneel@uol.com.br,Male,133.150.162.108
Maëlyss,Ellcock,gellcockem@bing.com,Male,141.220.243.242
Thérèsa,Collidge,dcollidgeen@archive.org,Male,65.169.254.79
Gösta,Landon,dlandoneo@mapy.cz,Male,5.121.107.54
Maïwenn,Featherston,cfeatherstonep@edublogs.org,Female,239.141.6.73
Yóu,Philbrick,yphilbrickeq@oakley.com,Female,109.144.12.33
Simplifiés,Lesmonde,klesmondeer@biglobe.ne.jp,Female,176.182.17.91
Marie-françoise,Sherrocks,bsherrockses@blinklist.com,Female,27.159.177.164
Maëlyss,Jarred,vjarredet@xing.com,Male,113.196.243.242
Zhì,Purchall,jpurchalleu@ted.com,Female,89.94.34.248
Célestine,Cockarill,ccockarillev@sitemeter.com,Female,95.147.74.55
Cléopatre,Pinnegar,dpinnegarew@360.cn,Female,225.70.190.67
Aimée,Luis,aluisex@ycombinator.com,Male,66.85.42.141
Bénédicte,Keld,lkeldey@squidoo.com,Female,253.239.165.64
Börje,Crucitti,ncrucittiez@guardian.co.uk,Female,167.59.157.25
Personnalisée,Blampy,ablampyf0@msn.com,Female,124.208.42.189
Agnès,Dearnaly,odearnalyf1@google.pl,Male,250.245.8.176
Léa,Gumby,jgumbyf2@house.gov,Male,127.176.190.88
Célestine,Fonzo,vfonzof3@t-online.de,Male,191.243.23.251
Bécassine,Nardrup,rnardrupf4@examiner.com,Male,148.176.58.137
Maïly,Budgett,vbudgettf5@booking.com,Male,58.111.21.77
Anaëlle,Penelli,bpenellif6@hexun.com,Male,129.49.9.204
André,Vowden,mvowdenf7@google.com.au,Female,199.191.112.240
Cunégonde,Benham,dbenhamf8@cdbaby.com,Male,83.197.8.137
Almérinda,Hammarberg,ohammarbergf9@webnode.com,Female,50.146.252.155
Rachèle,Treeby,mtreebyfa@marketwatch.com,Male,209.72.151.241
Tán,Bidwell,mbidwellfb@goo.ne.jp,Female,156.231.173.10
Adélie,Maudlin,rmaudlinfc@google.ca,Female,229.242.172.102
Mélinda,Glenn,cglennfd@jalbum.net,Male,209.86.244.252
Naéva,Snaddon,rsnaddonfe@narod.ru,Female,36.215.131.7
Inès,Vaz,mvazff@ted.com,Male,180.145.210.129
Célestine,Tohill,atohillfg@theglobeandmail.com,Female,187.45.97.3
Marlène,Stenners,lstennersfh@omniture.com,Female,210.240.153.8
Judicaël,Plante,aplantefi@go.com,Male,70.213.15.194
Almérinda,Bifield,nbifieldfj@fc2.com,Male,42.153.254.38
Amélie,Clace,cclacefk@mozilla.com,Male,65.248.40.67
Aimée,Pragnall,cpragnallfl@time.com,Female,62.83.14.53
Liè,Capnerhurst,dcapnerhurstfm@gov.uk,Female,221.55.103.64
Nadège,Crunkhurn,dcrunkhurnfn@hubpages.com,Female,185.250.47.232
Marie-hélène,Petcher,wpetcherfo@seesaa.net,Female,85.144.188.237
Zhì,Dunford,ndunfordfp@nyu.edu,Female,226.72.44.91
Josée,Durston,sdurstonfq@usgs.gov,Female,35.97.196.190
Ráo,Shrieves,nshrievesfr@sina.com.cn,Female,244.68.21.30
Andrée,Fears,dfearsfs@go.com,Female,200.43.123.102
Bérénice,de Broke,mdebrokeft@unesco.org,Male,233.73.255.8
Aloïs,Lawie,glawiefu@boston.com,Female,87.67.60.168
Andrée,Villiers,jvilliersfv@unc.edu,Female,141.114.104.126
Mélys,Rickards,rrickardsfw@php.net,Male,105.158.74.133
Loïca,Usborn,fusbornfx@wisc.edu,Male,201.112.156.103
Marie-josée,Stace,tstacefy@vk.com,Male,76.91.72.196
Léane,Langman,alangmanfz@nifty.com,Male,140.36.16.139
Gaétane,Goldster,agoldsterg0@umich.edu,Female,134.10.55.77
Inès,Jagson,sjagsong1@ca.gov,Male,190.29.237.211
Hélène,Woolard,ywoolardg2@hatena.ne.jp,Female,72.33.154.7
Vérane,Kirsche,vkirscheg3@fda.gov,Male,156.37.244.2
Alizée,Chellam,gchellamg4@barnesandnoble.com,Male,216.67.2.231
Michèle,Jacob,gjacobg5@bravesites.com,Male,67.58.145.82
Lài,Leipold,mleipoldg6@chicagotribune.com,Male,84.232.81.110
Bécassine,Kiossel,kkiosselg7@illinois.edu,Female,180.129.92.61
Åke,Newick,anewickg8@intel.com,Female,77.154.138.148
Cécilia,Kerner,rkernerg9@flickr.com,Female,75.172.109.183
Maï,Settle,jsettlega@tmall.com,Male,148.144.203.22
Maëlann,Ezzle,pezzlegb@phoca.cz,Male,46.165.170.201
Réservés,Melody,imelodygc@sina.com.cn,Female,74.79.145.253
Erwéi,Ruckledge,druckledgegd@nytimes.com,Female,176.201.233.159
Maéna,Deppen,ddeppenge@opera.com,Female,133.65.54.123
Åsa,Dwelley,jdwelleygf@accuweather.com,Female,100.220.2.34
Renée,Habert,thabertgg@theatlantic.com,Male,198.157.217.221
Eléonore,Schlagtmans,wschlagtmansgh@odnoklassniki.ru,Female,73.41.147.43
Kallisté,Raiment,araimentgi@spiegel.de,Female,192.248.222.21
Mahélie,Horney,bhorneygj@friendfeed.com,Male,228.153.215.35
Cléopatre,Ovanesian,kovanesiangk@51.la,Female,212.226.52.32
Aloïs,Dibbin,adibbingl@columbia.edu,Female,38.28.150.225
Estève,Pentercost,ipentercostgm@ifeng.com,Female,8.152.120.216
Maëlann,Coupe,gcoupegn@ucla.edu,Male,151.148.171.18
Dafnée,Zima,mzimago@huffingtonpost.com,Male,27.53.67.23
Maïly,Ubach,jubachgp@ow.ly,Female,41.217.152.190
Maïly,Seeborne,cseebornegq@reference.com,Female,191.21.214.191
Loïc,Whisby,bwhisbygr@eventbrite.com,Female,133.57.246.33
Daphnée,Jessop,jjessopgs@mlb.com,Male,200.172.95.64
Geneviève,O'Hara,aoharagt@fastcompany.com,Female,185.250.40.93
Léonore,Squier,gsquiergu@comcast.net,Female,16.178.138.113
Mélanie,Goodered,dgooderedgv@squarespace.com,Female,140.44.97.83
Hélène,Nisius,wnisiusgw@indiatimes.com,Female,39.162.195.236
Eloïse,Twaits,ztwaitsgx@washington.edu,Female,201.205.30.86
Clélia,Pedler,apedlergy@shop-pro.jp,Male,6.235.241.198
Pål,O'Cannavan,docannavangz@nature.com,Male,125.107.82.91
Angélique,Diggins,bdigginsh0@webeden.co.uk,Male,131.151.96.17
Océane,Taylder,utaylderh1@slashdot.org,Male,222.171.190.125
Eugénie,Compfort,lcompforth2@princeton.edu,Female,209.123.116.181
Cléa,Bartolic,mbartolich3@slashdot.org,Male,211.95.58.251
Josée,Shapira,dshapirah4@gizmodo.com,Female,62.48.213.251
Thérèse,McArd,imcardh5@wunderground.com,Male,197.42.221.66
Nadège,McCalum,lmccalumh6@webs.com,Male,207.9.223.29
Léana,Woliter,lwoliterh7@xing.com,Female,171.159.190.86
Rachèle,Branche,kbrancheh8@angelfire.com,Male,164.27.218.145
Angèle,Betteson,wbettesonh9@zimbio.com,Female,184.14.181.223
Océanne,Vlasov,kvlasovha@angelfire.com,Male,247.132.123.128
Régine,Sowray,hsowrayhb@businessinsider.com,Male,150.171.17.118
Bérangère,Letertre,nletertrehc@weather.com,Male,8.107.45.166
Gaétane,Guiett,nguietthd@bloomberg.com,Female,43.195.37.103
Crééz,Jerram,gjerramhe@boston.com,Female,230.6.206.24
Adélie,Dominichetti,ldominichettihf@smugmug.com,Male,120.207.237.62
Clémence,Prodrick,lprodrickhg@tinypic.com,Female,33.149.251.85
Personnalisée,Callam,bcallamhh@webs.com,Male,24.242.6.82
Thérèse,Wellesley,cwellesleyhi@mozilla.org,Male,184.219.47.170
Maëlle,Purshouse,apurshousehj@prlog.org,Male,110.159.242.145
Maïlys,Roostan,croostanhk@ustream.tv,Male,18.98.108.96
Miléna,Granger,agrangerhl@tinyurl.com,Male,84.115.115.20
Séréna,Ebhardt,sebhardthm@alexa.com,Male,248.65.212.231
Gwenaëlle,Nisard,hnisardhn@cisco.com,Male,9.18.153.226
Gaétane,Artingstall,bartingstallho@youtu.be,Female,129.147.137.177
Lucrèce,Davydkov,hdavydkovhp@guardian.co.uk,Female,231.138.19.59
Geneviève,Aslin,kaslinhq@nasa.gov,Male,249.155.48.217
Adèle,Terram,bterramhr@printfriendly.com,Female,158.103.50.56
Lauréna,Penritt,epenritths@netscape.com,Female,48.7.229.58
Agnès,Pavlishchev,bpavlishchevht@livejournal.com,Male,123.157.101.196
Pénélope,Luciano,glucianohu@usnews.com,Female,255.192.214.222
Réservés,Revett,arevetthv@about.com,Female,241.34.156.230
Göran,Fishleigh,hfishleighhw@hc360.com,Male,68.69.95.36
Inès,Tonner,jtonnerhx@ocn.ne.jp,Male,105.140.147.79
Séréna,Daice,jdaicehy@disqus.com,Male,83.16.123.196
Mà,Ranken,lrankenhz@biblegateway.com,Male,126.114.28.13
Léandre,Bedward,pbedwardi0@t-online.de,Female,115.42.155.47
Vénus,Schruyer,lschruyeri1@simplemachines.org,Male,137.204.61.5
Valérie,Vuittet,gvuitteti2@csmonitor.com,Female,154.227.187.131
Maëlys,Balam,fbalami3@paypal.com,Male,50.241.29.184
Marylène,Walentynowicz,cwalentynowiczi4@zimbio.com,Female,142.237.176.249
Réservés,Pasquale,tpasqualei5@jigsy.com,Female,113.135.163.23
Célia,Weddeburn - Scrimgeour,jweddeburnscrimgeouri6@ted.com,Male,3.124.174.135
Loïs,Tofano,ttofanoi7@google.pl,Male,200.48.24.142
Nuó,Fulstow,cfulstowi8@redcross.org,Male,163.92.74.1
Gaëlle,Gorrie,agorriei9@t.co,Female,77.210.140.227
Félicie,Jarret,bjarretia@wikispaces.com,Male,96.76.100.192
Séverine,Battlestone,kbattlestoneib@jalbum.net,Female,163.97.239.180
Naéva,MacUchadair,cmacuchadairic@shutterfly.com,Male,43.109.198.222
Åke,Howler,ghowlerid@auda.org.au,Female,141.142.170.101
Anaëlle,Milleton,dmilletonie@newyorker.com,Female,106.80.17.205
Zoé,Saddington,bsaddingtonif@fema.gov,Female,117.26.199.96
Stéphanie,Goscar,ggoscarig@fc2.com,Female,122.231.93.56
Cloé,Harvatt,eharvattih@xinhuanet.com,Female,90.43.109.16
Björn,Strettle,estrettleii@miitbeian.gov.cn,Female,76.211.56.235
Léandre,Baguley,lbaguleyij@reuters.com,Male,8.219.64.111
Styrbjörn,Nettles,onettlesik@moonfruit.com,Female,218.8.43.248
Clélia,Jordi,ajordiil@reuters.com,Male,157.51.3.211
Mà,Le Fevre,ilefevreim@gnu.org,Male,152.167.15.112
Kuí,Marc,nmarcin@bigcartel.com,Male,85.35.40.87
Lén,Noone,snooneio@cloudflare.com,Female,36.236.245.23
Vérane,Bowmer,rbowmerip@berkeley.edu,Male,169.87.64.124
Laïla,Arlt,marltiq@buzzfeed.com,Female,158.185.226.239
Marlène,Lathe,ulatheir@illinois.edu,Female,71.3.193.152
Maëly,Aistrop,kaistropis@scientificamerican.com,Female,102.95.236.152
Clélia,Mathon,smathonit@princeton.edu,Male,27.254.2.96
Mélinda,Carbert,hcarbertiu@who.int,Female,208.158.147.187
Maëlys,Guyer,mguyeriv@vimeo.com,Female,111.134.240.164
Esbjörn,Ahrens,eahrensiw@webmd.com,Female,24.35.69.189
Alizée,Spurden,dspurdenix@shareasale.com,Female,246.4.49.28
Léa,Easby,aeasbyiy@baidu.com,Male,180.46.20.28
Geneviève,Aireton,iairetoniz@reuters.com,Female,44.26.34.30
Salomé,Featenby,bfeatenbyj0@alibaba.com,Female,30.4.26.245
Néhémie,de Nore,adenorej1@hexun.com,Female,45.31.94.36
Maïly,McGeachie,imcgeachiej2@theglobeandmail.com,Female,63.3.238.128
Eléa,Fehner,tfehnerj3@skype.com,Male,142.146.56.105
Uò,Bruster,rbrusterj4@liveinternet.ru,Male,230.122.205.106
Lorène,Berk,nberkj5@delicious.com,Female,61.139.59.241
Táng,Kitcherside,mkitchersidej6@privacy.gov.au,Female,54.108.109.40
Cloé,Robertelli,brobertellij7@last.fm,Male,52.141.93.155
Simplifiés,Capeling,dcapelingj8@shareasale.com,Male,239.184.173.216
Gérald,Simek,jsimekj9@mac.com,Female,148.9.60.237
Maïwenn,Eyeington,eeyeingtonja@wikipedia.org,Male,197.3.11.57
Crééz,Fery,wferyjb@mayoclinic.com,Male,207.188.210.76
Annotés,Faulder,hfaulderjc@yellowpages.com,Male,215.223.208.55
Amélie,Fairhurst,afairhurstjd@bloomberg.com,Male,14.182.34.155
Véronique,Whal,lwhalje@sciencedaily.com,Female,160.154.62.114
Gisèle,Opdenort,lopdenortjf@thetimes.co.uk,Male,28.10.99.53
Pål,Caldeyroux,rcaldeyrouxjg@mapy.cz,Female,97.222.233.152
Yè,Kowalik,lkowalikjh@cmu.edu,Male,128.72.144.91
Thérèsa,Curedale,bcuredaleji@friendfeed.com,Female,17.6.158.90
Adélaïde,Hussy,rhussyjj@wp.com,Female,104.171.175.37
Intéressant,D'Ruel,cdrueljk@ted.com,Female,35.157.63.147
Aloïs,Lenton,glentonjl@meetup.com,Female,98.122.250.145
Françoise,Puddephatt,wpuddephattjm@who.int,Female,83.210.249.173
Gaëlle,Tunder,ttunderjn@livejournal.com,Female,253.26.126.243
Desirée,Christoffels,uchristoffelsjo@huffingtonpost.com,Male,169.52.236.228
Åslög,Bruggen,dbruggenjp@utexas.edu,Male,198.243.175.124
Eugénie,Gullivan,bgullivanjq@vistaprint.com,Male,205.27.107.8
Yú,Marsham,gmarshamjr@seattletimes.com,Male,178.223.144.151
Yáo,Bromwich,jbromwichjs@php.net,Female,215.138.182.74
Marie-françoise,Brenstuhl,jbrenstuhljt@phoca.cz,Male,97.113.75.0
Lén,O'Rowane,uorowaneju@ucla.edu,Male,176.81.192.136
Aloïs,Cocozza,mcocozzajv@github.io,Female,245.129.34.102
Mélinda,Gergolet,tgergoletjw@mozilla.org,Female,69.34.26.64
Adélaïde,Edgeler,nedgelerjx@ibm.com,Male,99.150.229.26
Uò,Hynde,ahyndejy@google.com.br,Female,158.102.163.171
Cinéma,Ateggart,categgartjz@marriott.com,Male,229.100.139.102
Kévina,Purkins,jpurkinsk0@globo.com,Female,248.224.228.121
Nadège,Matthaus,gmatthausk1@fastcompany.com,Male,48.100.125.81
Léane,McCafferky,amccafferkyk2@fda.gov,Female,53.136.249.208
Béatrice,Bovis,tbovisk3@oaic.gov.au,Female,86.40.154.173
Cécile,Tregidgo,rtregidgok4@jalbum.net,Female,127.242.25.11
Léa,McCurtin,gmccurtink5@ovh.net,Male,233.12.39.32
Marie-ève,Tommei,btommeik6@edublogs.org,Male,212.75.51.91
Bénédicte,Mergue,dmerguek7@goodreads.com,Male,169.53.17.142
Laurène,Musgrove,dmusgrovek8@reverbnation.com,Male,231.63.207.222
Yóu,Gaythorpe,ggaythorpek9@wix.com,Male,233.147.140.230
Léonie,Searchfield,tsearchfieldka@pen.io,Male,107.231.8.33
Eléonore,Enrich,oenrichkb@facebook.com,Female,85.7.254.77
Marie-hélène,Haskew,phaskewkc@w3.org,Male,24.28.238.50
Anaëlle,Crocombe,hcrocombekd@google.pl,Male,219.69.216.226
Cécilia,Syme,esymeke@cocolog-nifty.com,Female,225.158.111.148
Gisèle,Ziemens,dziemenskf@clickbank.net,Female,6.101.67.95
Léone,Mowsdill,lmowsdillkg@blinklist.com,Male,134.85.109.53
Yénora,Merrywether,smerrywetherkh@senate.gov,Female,32.75.131.192
Björn,Shurlock,gshurlockki@naver.com,Male,76.213.19.116
Torbjörn,Foye,kfoyekj@163.com,Male,219.28.157.154
Eléa,Whillock,hwhillockkk@yolasite.com,Female,251.213.221.243
Táng,Been,dbeenkl@google.co.jp,Female,213.47.37.45
Pénélope,Karpychev,hkarpychevkm@1und1.de,Female,203.132.17.78
Lài,Bescoby,abescobykn@addtoany.com,Female,141.159.119.122
Dù,Hallock,jhallockko@ebay.co.uk,Female,168.109.216.26
Maëlyss,Killner,kkillnerkp@tinyurl.com,Female,167.242.140.169
Simplifiés,Mosen,jmosenkq@over-blog.com,Male,38.235.230.3
Magdalène,Drinkale,fdrinkalekr@eventbrite.com,Male,240.28.18.237
Mylène,Chalice,dchaliceks@youtu.be,Female,160.106.201.131
Eléa,Vicioso,wviciosokt@jigsy.com,Male,194.54.35.219
Geneviève,Mordecai,cmordecaiku@soundcloud.com,Female,171.93.0.141
Océanne,Rominov,mrominovkv@europa.eu,Female,98.240.183.7
Åslög,Cottom,scottomkw@sakura.ne.jp,Male,159.67.170.0
Réjane,Quinevan,nquinevankx@unicef.org,Female,98.35.199.79
Gösta,Carslake,rcarslakeky@jimdo.com,Male,2.56.92.106
Lóng,Hainey`,jhaineykz@mtv.com,Female,213.50.203.105
Intéressant,Clutram,fclutraml0@a8.net,Female,227.196.134.246
Lauréna,Pes,apesl1@discuz.net,Female,168.204.80.229
Andréa,Bare,gbarel2@uol.com.br,Female,239.11.39.32
Thérèsa,Farans,mfaransl3@xinhuanet.com,Male,175.112.166.174
Danièle,Bardnam,lbardnaml4@nsw.gov.au,Male,130.205.10.183
Ráo,Ormistone,gormistonel5@fotki.com,Male,220.50.218.12
Sòng,Phonix,rphonixl6@plala.or.jp,Female,203.169.71.187
Kuí,Quilligan,hquilliganl7@tripadvisor.com,Male,57.120.122.193
Anaël,Slane,nslanel8@bandcamp.com,Male,205.19.235.134
Kù,Milkin,nmilkinl9@sakura.ne.jp,Female,190.89.83.32
Irène,Brennon,dbrennonla@theguardian.com,Female,5.230.135.212
Marylène,Craister,mcraisterlb@tumblr.com,Male,135.209.24.92
Mén,Carrigan,jcarriganlc@weebly.com,Female,84.113.179.138
Mélina,Whorall,twhorallld@bloglovin.com,Female,141.10.127.147
Hélène,Heineke,pheinekele@msu.edu,Female,219.80.67.52
Gaëlle,Symon,ssymonlf@free.fr,Male,85.25.237.132
Salomé,Trevino,atrevinolg@pcworld.com,Female,7.150.58.220
Naéva,Alberti,calbertilh@accuweather.com,Male,183.196.0.102
Méng,Lacer,elacerli@oracle.com,Female,139.217.1.50
Märta,Poynter,spoynterlj@github.io,Female,61.216.14.47
Åke,Radbone,sradbonelk@dailymail.co.uk,Female,28.95.242.24
Stévina,Drable,edrablell@symantec.com,Female,0.6.20.224
Cléopatre,Shemelt,nshemeltlm@phpbb.com,Male,212.182.67.210
Clémence,Jikylls,vjikyllsln@wikispaces.com,Female,137.79.231.119
Lóng,Kenworth,mkenworthlo@homestead.com,Female,159.177.90.187
Gösta,Kelway,rkelwaylp@slideshare.net,Female,119.242.125.108
Yóu,Laughren,plaughrenlq@reddit.com,Male,159.226.72.206
Médiamass,Vidgeon,lvidgeonlr@miitbeian.gov.cn,Male,37.181.63.149
Océanne,Lowdham,olowdhamls@lycos.com,Male,196.30.81.148
Anaïs,Brazear,rbrazearlt@constantcontact.com,Female,72.253.245.93
Wá,Crickmore,kcrickmorelu@huffingtonpost.com,Female,177.250.131.60
Gaëlle,Calafato,kcalafatolv@exblog.jp,Male,32.68.226.85
Vénus,Cubin,bcubinlw@a8.net,Male,55.106.143.234
Lèi,Trehearne,strehearnelx@psu.edu,Female,12.209.255.80
Noémie,Bredes,bbredesly@diigo.com,Male,165.170.253.46
Irène,Dybell,ldybelllz@bing.com,Male,11.77.119.201
Personnalisée,Monday,gmondaym0@imageshack.us,Male,50.56.185.106
Börje,Mayward,cmaywardm1@tuttocitta.it,Female,237.234.1.223
Personnalisée,Gossipin,hgossipinm2@stanford.edu,Female,40.92.61.56
Marie-noël,McDool,bmcdoolm3@over-blog.com,Female,58.244.79.237
Noëlla,Duckhouse,fduckhousem4@posterous.com,Male,37.134.121.151
Réservés,Scarth,bscarthm5@oakley.com,Female,58.28.151.94
Bérengère,Rylett,nrylettm6@mysql.com,Male,65.132.88.153
Aurélie,Mackieson,hmackiesonm7@skyrock.com,Female,121.21.242.127
Michèle,Bram,rbramm8@nytimes.com,Female,147.181.250.151
Nuó,Pavyer,kpavyerm9@java.com,Male,4.85.122.167
Marie-noël,Rickman,prickmanma@wsj.com,Male,96.28.53.25
Angélique,Columbell,fcolumbellmb@noaa.gov,Female,214.173.19.161
Méline,Attawell,dattawellmc@berkeley.edu,Female,127.42.217.29
Mélina,Fitzer,sfitzermd@unc.edu,Female,92.136.226.21
Yáo,Fidler,pfidlerme@moonfruit.com,Male,40.164.43.91
Naëlle,Brooking,lbrookingmf@wikimedia.org,Female,121.158.233.238
Anaé,Bilby,cbilbymg@bloomberg.com,Male,175.70.163.185
Clélia,Ghidoni,cghidonimh@foxnews.com,Female,186.30.111.2
Maïlis,Artist,fartistmi@liveinternet.ru,Male,71.145.108.113
Aimée,Scroggie,sscroggiemj@thetimes.co.uk,Male,241.84.4.159
Noémie,Giamo,hgiamomk@chron.com,Male,231.3.174.243
Mylène,Aleixo,oaleixoml@ihg.com,Female,203.245.121.55
Bérangère,Jakubski,ajakubskimm@e-recht24.de,Female,137.250.51.201
Adélie,Shippard,gshippardmn@bloomberg.com,Female,232.2.32.202
Bérangère,Gimson,egimsonmo@devhub.com,Female,91.0.140.112
Marie-ève,Struis,cstruismp@microsoft.com,Female,240.156.171.51
Erwéi,Franzel,jfranzelmq@nih.gov,Female,68.251.104.186
André,Caws,mcawsmr@joomla.org,Female,196.52.90.153
Léana,Extal,eextalms@dailymotion.com,Male,40.179.132.173
Edmée,Feldhammer,rfeldhammermt@infoseek.co.jp,Female,72.141.43.231
Thérèsa,Hurnell,hhurnellmu@shareasale.com,Male,77.111.47.167
Mélodie,Ridout,rridoutmv@mit.edu,Male,126.7.155.176
Andrée,Cradey,lcradeymw@blogs.com,Female,95.14.79.244
Åsa,Stean,esteanmx@noaa.gov,Male,217.33.170.227
Cinéma,West-Frimley,pwestfrimleymy@theatlantic.com,Male,178.205.240.95
Lorène,Balmadier,hbalmadiermz@parallels.com,Male,50.44.197.32
Marie-hélène,Lyes,flyesn0@nbcnews.com,Female,97.146.6.190
Maëly,Local,blocaln1@cyberchimps.com,Female,64.30.9.94
Mylène,Heddy,rheddyn2@t-online.de,Female,50.231.9.196
Måns,MacDougal,amacdougaln3@adobe.com,Female,175.26.44.5
Thérèsa,Farquar,kfarquarn4@mediafire.com,Female,37.17.85.28
Liè,Cool,bcooln5@ox.ac.uk,Male,129.224.110.133
Mén,Kennefick,skennefickn6@dot.gov,Female,63.105.107.1
Vérane,Caccavella,acaccavellan7@123-reg.co.uk,Male,42.60.219.1
Pénélope,Kennea,rkennean8@blinklist.com,Female,13.96.97.161
Frédérique,Loughlan,hloughlann9@google.es,Female,201.77.83.30
Mylène,Meadway,mmeadwayna@shinystat.com,Male,175.138.215.243
Bérangère,Blinder,vblindernb@woothemes.com,Male,177.211.169.71
Yáo,Briddock,abriddocknc@github.io,Female,67.168.137.16
Laïla,Callaghan,tcallaghannd@gravatar.com,Male,100.214.144.55
Kévina,Walford,kwalfordne@who.int,Male,168.145.176.183
Naëlle,Mowatt,amowattnf@ca.gov,Male,224.252.213.124
Lauréna,Rominov,crominovng@newsvine.com,Female,203.21.221.24
Erwéi,Clother,cclothernh@forbes.com,Female,230.115.135.155
Michèle,Saxelby,asaxelbyni@reference.com,Female,126.227.235.149
Mélodie,Hassekl,mhasseklnj@netvibes.com,Male,194.121.37.116
Bérengère,Wilstead,swilsteadnk@prnewswire.com,Male,29.129.205.67
Mélinda,Matzel,cmatzelnl@sitemeter.com,Male,176.237.39.45
Maëlys,Klausewitz,eklausewitznm@hibu.com,Male,79.242.184.15
Gwenaëlle,Burtwistle,sburtwistlenn@prnewswire.com,Male,9.10.60.153
Styrbjörn,Neilson,fneilsonno@independent.co.uk,Female,241.168.211.248
Danièle,Beament,ybeamentnp@slate.com,Male,110.141.64.77
Örjan,Bitten,jbittennq@un.org,Male,249.221.147.139
Mélia,Saunper,lsaunpernr@com.com,Female,107.55.188.139
Nuó,Seiller,gseillerns@twitpic.com,Male,62.231.106.165
Laurélie,Masding,mmasdingnt@google.com.hk,Female,199.209.18.118
Léone,Bruton,jbrutonnu@ihg.com,Male,84.250.105.55
Mélissandre,Copin,bcopinnv@dell.com,Male,236.132.105.88
Bécassine,Capsey,lcapseynw@mac.com,Male,89.203.70.190
Esbjörn,Bingle,fbinglenx@wufoo.com,Male,119.52.70.206
Françoise,Dominik,ddominikny@engadget.com,Female,113.226.48.118
Maëlle,Turneaux,bturneauxnz@creativecommons.org,Female,8.154.223.49
Léa,Bissett,cbissetto0@google.de,Female,176.60.199.161
Maïly,Gilchrest,cgilchresto1@fotki.com,Female,57.134.3.246
Naéva,Erley,rerleyo2@e-recht24.de,Female,8.57.226.166
Clémentine,Crocker,rcrockero3@tamu.edu,Female,255.157.156.131
Naëlle,Matitiaho,rmatitiahoo4@miitbeian.gov.cn,Male,187.161.227.85
Mélina,Mattocks,lmattockso5@wikia.com,Female,18.162.90.253
Andréa,Pignon,bpignono6@spotify.com,Female,163.193.219.209
Gérald,Danielut,cdanieluto7@skype.com,Female,163.206.74.83
Clémence,Logie,glogieo8@list-manage.com,Male,117.73.36.149
Pò,Ivell,givello9@elpais.com,Female,250.121.225.235
Maéna,Shimwall,jshimwalloa@photobucket.com,Male,202.13.131.191
Marlène,de Tocqueville,gdetocquevilleob@shinystat.com,Male,244.83.221.46
Méline,Lumsden,rlumsdenoc@google.pl,Male,13.177.144.180
Pò,O'Dreain,jodreainod@netscape.com,Female,75.8.184.189
Thérèse,Batthew,ibatthewoe@barnesandnoble.com,Male,224.11.194.30
Eugénie,Ludl,kludlof@prlog.org,Female,245.241.193.104
Camélia,Marl,bmarlog@chron.com,Male,233.84.181.223
Maïlis,Pembridge,tpembridgeoh@squidoo.com,Male,7.11.11.208
Desirée,Slucock,sslucockoi@jiathis.com,Female,81.18.191.228
Yáo,Lubomirski,ilubomirskioj@comsenz.com,Female,149.33.25.214
Björn,Beveredge,cbeveredgeok@addthis.com,Female,67.239.71.71
Loïs,Rapi,lrapiol@ezinearticles.com,Male,24.62.56.117
Örjan,Finneran,hfinneranom@comcast.net,Male,180.33.149.188
Mélissandre,Keenleyside,gkeenleysideon@apache.org,Female,194.151.37.22
Bérénice,Tulley,btulleyoo@stumbleupon.com,Male,182.23.240.71
Lài,Van Vuuren,ivanvuurenop@bizjournals.com,Male,245.16.161.195
Josée,Pietzker,cpietzkeroq@merriam-webster.com,Male,84.241.205.77
Gaétane,Athridge,hathridgeor@google.cn,Male,227.46.192.170
Thérèsa,Romer,bromeros@wikimedia.org,Male,71.199.191.94
Pål,Botton,pbottonot@vimeo.com,Male,63.175.58.75
Maïté,Guillard,aguillardou@paypal.com,Female,93.163.204.242
Lyséa,Jersh,rjershov@comcast.net,Male,171.139.59.196
Anaël,Pendle,tpendleow@google.com.hk,Female,223.206.181.219
Maëlann,McCaighey,hmccaigheyox@tmall.com,Male,184.156.79.101
Lài,Fyfe,nfyfeoy@360.cn,Male,241.212.204.33
Táng,Higounet,dhigounetoz@sohu.com,Female,50.221.206.70
Maï,Flowerden,kflowerdenp0@slate.com,Male,223.12.18.0
Dù,McGrudder,lmcgrudderp1@bandcamp.com,Male,113.64.35.216
Nélie,Aspden,taspdenp2@last.fm,Female,130.47.139.128
Eloïse,Medwell,nmedwellp3@yelp.com,Male,72.121.245.58
Esbjörn,Rasor,frasorp4@domainmarket.com,Female,50.87.234.195
Personnalisée,Jedrzej,djedrzejp5@phoca.cz,Male,235.173.46.42
Kévina,Ashman,bashmanp6@phpbb.com,Male,167.23.221.237
Séverine,Withnall,twithnallp7@eventbrite.com,Male,250.80.72.157
Loïc,Breissan,tbreissanp8@paginegialle.it,Female,62.23.18.120
Maïlis,Rolph,krolphp9@bloomberg.com,Male,188.63.231.205
Thérèse,Ilchuk,milchukpa@intel.com,Female,158.243.245.99
Valérie,Josifovitz,gjosifovitzpb@sciencedirect.com,Female,167.205.77.12
Aí,McClinton,mmcclintonpc@plala.or.jp,Male,90.248.42.52
Chloé,Glanister,rglanisterpd@wikipedia.org,Male,187.243.92.106
Andrée,Trebilcock,mtrebilcockpe@globo.com,Female,180.195.57.27
Eliès,Squibbs,msquibbspf@eepurl.com,Male,198.12.174.30
Maëlann,Farrar,mfarrarpg@google.it,Female,56.236.78.216
Erwéi,Maffei,lmaffeiph@ning.com,Female,129.199.139.1
Eloïse,Snoding,hsnodingpi@guardian.co.uk,Male,43.59.59.94
Liè,Musico,pmusicopj@scribd.com,Female,148.116.231.83
Tú,Warke,gwarkepk@youku.com,Male,180.35.67.169
Gösta,Cawtheray,mcawtheraypl@t.co,Female,62.90.208.57
Mélanie,Igoe,cigoepm@yandex.ru,Female,146.211.90.84
Renée,Doornbos,sdoornbospn@admin.ch,Female,37.169.118.244
Örjan,Tenant,ntenantpo@exblog.jp,Male,244.108.131.151
Inès,Higgan,mhigganpp@yelp.com,Male,176.198.55.179
Angélique,Moggach,smoggachpq@census.gov,Female,20.52.238.4
Lài,Coetzee,mcoetzeepr@indiegogo.com,Male,74.185.69.5
Kévina,Routhorn,trouthornps@reverbnation.com,Male,232.191.51.9
Yáo,Stevens,mstevenspt@senate.gov,Male,7.87.135.201
Bérengère,Lackmann,mlackmannpu@mlb.com,Male,91.241.157.58
Nélie,Becks,rbeckspv@yahoo.com,Male,26.137.51.252
Daphnée,Pellew,apellewpw@php.net,Male,23.105.223.98
Annotée,Thurby,cthurbypx@google.nl,Female,176.125.23.197
Clémentine,Chasemoore,cchasemoorepy@twitpic.com,Male,32.2.138.125
Loïca,Carlucci,ncarluccipz@storify.com,Female,177.70.170.187
Maéna,Scholtz,vscholtzq0@tuttocitta.it,Female,220.192.212.236
Görel,Ogglebie,jogglebieq1@dmoz.org,Male,1.68.15.119
Mén,Cullin,gcullinq2@cbsnews.com,Female,127.80.198.171
Marie-ève,Euler,ceulerq3@washington.edu,Female,11.215.247.31
Réjane,Crannage,ccrannageq4@163.com,Female,228.11.74.146
Esbjörn,Dummigan,vdummiganq5@clickbank.net,Male,185.5.151.221
Néhémie,Sambedge,jsambedgeq6@domainmarket.com,Male,121.220.162.225
Börje,Venard,lvenardq7@ftc.gov,Female,228.14.0.157
Måns,Gariff,sgariffq8@paypal.com,Male,72.4.255.167
Océanne,Nibley,rnibleyq9@hibu.com,Male,188.40.133.145
Eliès,Connick,kconnickqa@flickr.com,Male,0.199.243.1
Rébecca,Ertelt,zerteltqb@biglobe.ne.jp,Female,138.216.177.191
Maïly,Stansbie,astansbieqc@economist.com,Female,89.41.245.38
Rébecca,Bridden,pbriddenqd@independent.co.uk,Female,103.249.245.129
Maïly,Boggon,bboggonqe@flickr.com,Male,81.207.58.215
André,Coles,ccolesqf@unblog.fr,Male,192.207.100.63
Bérénice,Cressey,dcresseyqg@domainmarket.com,Female,237.14.235.85
Clémentine,Dannohl,bdannohlqh@phpbb.com,Male,43.12.222.222
Marylène,Peris,gperisqi@netvibes.com,Female,233.243.219.208
Marie-josée,Neubigging,kneubiggingqj@sohu.com,Male,112.155.183.126
Maëlle,McClinton,amcclintonqk@nps.gov,Male,241.101.108.177
Cléa,Farady,dfaradyql@dailymotion.com,Male,56.23.29.101
Thérèsa,Borgne,lborgneqm@dell.com,Female,226.93.45.119
Loïs,Lawlie,alawlieqn@google.com.au,Female,229.121.54.16
Adélaïde,Gauch,wgauchqo@wix.com,Male,125.155.38.20
André,Readmire,creadmireqp@amazon.de,Male,176.147.106.94
Chloé,Guillot,cguillotqq@i2i.jp,Male,6.184.223.147
Uò,Mair,bmairqr@springer.com,Male,66.190.157.219
Ráo,Dobbie,gdobbieqs@google.com.br,Male,19.172.93.198
Magdalène,Artois,tartoisqt@123-reg.co.uk,Female,11.56.167.53
Bécassine,Linnock,flinnockqu@zimbio.com,Male,62.32.130.252
Maïly,Bretherick,abretherickqv@sohu.com,Male,1.113.33.186
Eléonore,Glandfield,fglandfieldqw@artisteer.com,Female,76.131.105.201
Mélys,McCuffie,dmccuffieqx@delicious.com,Male,108.24.151.171
Médiamass,Shiel,ashielqy@vimeo.com,Female,6.80.4.107
Illustrée,Balsellie,lbalsellieqz@hp.com,Female,103.98.239.233
Mégane,Gregine,sgreginer0@wikimedia.org,Female,174.157.11.160
Pénélope,Durden,adurdenr1@histats.com,Female,130.86.31.132
Maëlle,MacCague,dmaccaguer2@woothemes.com,Female,83.228.5.6
Andrée,Halliberton,mhallibertonr3@mlb.com,Male,77.43.40.194
Thérèse,Malkin,emalkinr4@nature.com,Male,81.81.110.75
Almérinda,Treadwell,gtreadwellr5@netlog.com,Male,121.90.82.201
Måns,Meek,tmeekr6@163.com,Male,146.209.234.97
Mårten,Bearne,rbearner7@liveinternet.ru,Male,19.154.237.36
Michèle,Francesconi,mfrancesconir8@lycos.com,Female,122.71.29.144
Desirée,Halsall,jhalsallr9@ft.com,Female,191.73.65.208
Torbjörn,Ogdahl,jogdahlra@arizona.edu,Male,153.114.138.147
Aloïs,Durnford,ldurnfordrb@opera.com,Male,45.151.131.212
Séverine,Strattan,lstrattanrc@hugedomains.com,Female,55.70.164.41
Maïly,Quickenden,vquickendenrd@redcross.org,Female,173.45.214.151
Cinéma,Realph,arealphre@yale.edu,Male,57.104.101.173
Maï,Housley,dhousleyrf@state.gov,Female,121.224.185.64
Ráo,Whitear,cwhitearrg@vkontakte.ru,Female,102.186.26.31
Östen,D'Hooghe,cdhoogherh@tinypic.com,Male,235.64.76.242
Mélinda,Crosseland,kcrosselandri@toplist.cz,Male,91.50.92.104
Méghane,Ryder,eryderrj@zimbio.com,Female,152.225.254.146
Torbjörn,Golagley,lgolagleyrk@spotify.com,Male,255.192.146.142
Gisèle,Rainsbury,hrainsburyrl@arstechnica.com,Female,5.19.255.15
Örjan,GiacobbiniJacob,sgiacobbinijacobrm@github.com,Male,37.140.75.10
Märta,O' Loughran,goloughranrn@sun.com,Male,237.123.172.229
Thérèsa,Dominetti,fdominettiro@craigslist.org,Female,131.19.26.5
Aí,Tortice,wtorticerp@slideshare.net,Male,75.3.226.224
Gösta,Martschke,hmartschkerq@weather.com,Female,19.160.34.131
Lauréna,Baxandall,sbaxandallrr@t.co,Male,18.194.242.195
